TIM_DAY,ITE_AUCTION_START_DATETIME,ITE_AUCTION_STOP_DATETIME,DEALER_TYPE_GROUP_DESC,OPERATION,TOTAL_AREA,COVERED_AREA,BEDROOMS,ROOMS,ITE_ITEM_ID,PROPERTY_TYPE,SIT_CURRENCY_ID,ITE_CURRENT_PRICE,PRECIO_LOCAL,ID Final,mes,tc_prom,geometry,dummy_dolar,precio_pesos,precio_dolares,pesosm2tot,dolaresm2tot,pesosm2_cub,dolaresm2_cub,desarrollo prioritario,fid,cod_ent,cod_loc,nombre,zona_venta,zona_alq,digitos_iguales,digitos_iguales_pesos,digitos_iguales_m2tot,borrar
2023-12-12T00:00:00Z,2023-12-12T10:32:26Z,2024-03-11T00:00:00Z,Inmobiliaria,Alquiler,35,33,0,1,NA,Departamento,ARG,180000,180000,1797515503,2023-12,965.59,"c(-58.530781, -34.59864)",FALSE,180000,186.41,5142.86,5.33,5454.55,5.65,NA,29,12,06840010,Sáenz Peña,Sáenz Peña,Este,FALSE,FALSE,FALSE,FALSE
2023-12-06T00:00:00Z,2023-12-06T09:37:38Z,2024-03-05T00:00:00Z,Inmobiliaria,Alquiler,44,40,0,0,NA,Departamento,ARG,190000,190000,2181748829,2023-12,965.59,"c(-58.5383168, -34.6009983)",FALSE,190000,196.77,4318.18,4.47,4750,4.92,NA,29,12,06840010,Sáenz Peña,Sáenz Peña,Este,FALSE,FALSE,TRUE,FALSE
2023-12-03T00:00:00Z,2023-11-28T09:22:15Z,2024-02-26T00:00:00Z,Inmobiliaria,Alquiler,60,57,2,3,NA,Departamento,ARG,200000,200000,1794385851,2023-12,965.59,"c(-58.5891981, -34.5981739)",FALSE,200000,207.13,3333.33,3.45,3508.77,3.63,NA,19,03,06840010,Ciudad Jardín Lomas del Palomar,Ciudad Jardín Lomas del Palomar,Centro,FALSE,FALSE,FALSE,FALSE
2023-12-31T00:00:00Z,2023-12-30T10:46:10Z,2024-03-29T00:00:00Z,Inmobiliaria,Alquiler,33,30,0,1,NA,Departamento,ARG,180000,180000,1801567903,2023-12,965.59,"c(-58.5743207, -34.6075977)",FALSE,180000,186.41,5454.55,5.65,6000,6.21,NA,18,01,06840010,Caseros,Caseros,Caseros,FALSE,FALSE,TRUE,FALSE
2023-12-18T00:00:00Z,2023-12-06T09:54:18Z,2024-03-05T00:00:00Z,Inmobiliaria,Alquiler,44,40,1,0,NA,Departamento,ARG,180000,180000,2182289881,2023-12,965.59,"c(-58.5674889, -34.6056814)",FALSE,180000,186.41,4090.91,4.24,4500,4.66,DP,18,01,06840010,Caseros,Caseros,Caseros,FALSE,FALSE,TRUE,FALSE
2023-12-31T00:00:00Z,2023-11-21T17:55:48Z,2024-02-19T00:00:00Z,Inmobiliaria,Alquiler,36,34,1,2,NA,Departamento,ARG,275000,275000,1792955591,2023-12,965.59,"c(-58.571368, -34.591783)",FALSE,275000,284.8,7638.89,7.91,8088.24,8.38,DP,22,14,06840010,Villa Bosch,Villa Bosch,Centro,FALSE,FALSE,FALSE,FALSE
2023-12-13T00:00:00Z,2023-08-09T16:17:53Z,2024-02-05T00:00:00Z,Inmobiliaria,Alquiler,37,34,1,2,NA,Departamento,ARG,180000,180000,1764670679,2023-12,965.59,"c(-58.5657817, -34.6099965)",FALSE,180000,186.41,4864.86,5.04,5294.12,5.48,NA,18,01,06840010,Caseros,Caseros,Caseros,FALSE,FALSE,FALSE,FALSE
2023-12-31T00:00:00Z,2023-12-26T12:00:02Z,2024-03-25T00:00:00Z,Inmobiliaria,Alquiler,55,50,1,2,NA,Departamento,ARG,220000,220000,2221197005,2023-12,965.59,"c(-58.5915128, -34.5876505)",FALSE,220000,227.84,4000,4.14,4400,4.56,NA,20,08,06840010,Martín Coronado,Martín Coronado,Centro,FALSE,FALSE,TRUE,FALSE
2023-12-18T00:00:00Z,2023-12-16T10:18:50Z,2024-03-15T00:00:00Z,Inmobiliaria,Alquiler,43,40,1,2,NA,Departamento,ARG,170000,170000,2203022561,2023-12,965.59,"c(-58.5475589, -34.5954675)",FALSE,170000,176.06,3953.49,4.09,4250,4.4,NA,21,13,06840010,Santos Lugares,Santos Lugares,Este,FALSE,FALSE,FALSE,FALSE
2023-12-31T00:00:00Z,2023-12-10T20:47:13Z,2024-03-09T00:00:00Z,Inmobiliaria,Alquiler,63,63,2,3,NA,Departamento,ARG,333000,333000,2189675229,2023-12,965.59,"c(-58.5300936, -34.5992231)",FALSE,333000,344.87,5285.71,5.47,5285.71,5.47,NA,29,12,06840010,Sáenz Peña,Sáenz Peña,Este,FALSE,FALSE,FALSE,FALSE
2023-12-21T00:00:00Z,2023-11-23T16:02:59Z,2023-12-23T00:00:00Z,Fsbo,Alquiler,30,30,0,1,NA,Departamento,ARG,95000,95000,1793541127,2023-12,965.59,"c(-58.5867194, -34.5788906)",FALSE,95000,98.39,3166.67,3.28,3166.67,3.28,NA,22,14,06840010,Villa Bosch,Villa Bosch,Centro,FALSE,FALSE,FALSE,FALSE
2023-12-28T00:00:00Z,2023-12-16T10:49:54Z,2024-03-15T00:00:00Z,Inmobiliaria,Alquiler,65,60,2,3,NA,Departamento,ARG,180000,180000,2203588585,2023-12,965.59,"c(-58.6028979, -34.5871062)",FALSE,180000,186.41,2769.23,2.87,3000,3.11,NA,20,08,06840010,Martín Coronado,Martín Coronado,Centro,FALSE,FALSE,FALSE,FALSE
2023-12-28T00:00:00Z,2023-12-28T16:30:02Z,2024-03-27T00:00:00Z,Inmobiliaria,Alquiler,43,40,1,2,NA,Departamento,ARG,130000,130000,1801113651,2023-12,965.59,"c(-58.5314516, -34.6489377)",FALSE,130000,134.63,3023.26,3.13,3250,3.37,NA,30,04,06840010,Ciudadela,Ciudadela,Sur,FALSE,FALSE,FALSE,FALSE
2023-12-21T00:00:00Z,2023-12-03T09:33:00Z,2024-03-09T12:58:16Z,Inmobiliaria,Alquiler,67,65,2,3,NA,Departamento,ARG,300000,300000,2175139829,2023-12,965.59,"c(-58.561924, -34.605802)",FALSE,300000,310.69,4477.61,4.64,4615.38,4.78,DP,18,01,06840010,Caseros,Caseros,Caseros,FALSE,FALSE,FALSE,FALSE
2023-12-19T00:00:00Z,2023-12-16T10:56:19Z,2024-03-15T00:00:00Z,Inmobiliaria,Alquiler,50,48,1,2,NA,Departamento,ARG,210000,210000,2203049969,2023-12,965.59,"c(-58.5664441, -34.6022082)",FALSE,210000,217.48,4200,4.35,4375,4.53,DP,18,01,06840010,Caseros,Caseros,Caseros,FALSE,FALSE,FALSE,FALSE
2023-12-31T00:00:00Z,2023-12-30T10:36:48Z,2024-03-29T00:00:00Z,Inmobiliaria,Alquiler,45,45,1,2,NA,Departamento,ARG,200000,200000,1801432087,2023-12,965.59,"c(-58.5636838, -34.6080302)",FALSE,200000,207.13,4444.44,4.6,4444.44,4.6,DP,18,01,06840010,Caseros,Caseros,Caseros,FALSE,FALSE,FALSE,FALSE
2023-12-04T00:00:00Z,2023-11-22T18:24:44Z,2023-12-22T00:00:00Z,Fsbo,Alquiler,60,60,2,3,NA,Departamento,ARG,260000,260000,1793215923,2023-12,965.59,"c(-58.5489794, -34.5977863)",FALSE,260000,269.27,4333.33,4.49,4333.33,4.49,NA,21,13,06840010,Santos Lugares,Santos Lugares,Este,FALSE,FALSE,FALSE,FALSE
2023-12-03T00:00:00Z,2023-11-09T18:06:27Z,2024-02-20T00:00:00Z,Inmobiliaria,Alquiler,38,38,1,2,NA,Departamento,ARG,150000,150000,1790427123,2023-12,965.59,"c(-58.5645023, -34.6089835)",FALSE,150000,155.35,3947.37,4.09,3947.37,4.09,DP,18,01,06840010,Caseros,Caseros,Caseros,FALSE,FALSE,FALSE,FALSE
2023-12-31T00:00:00Z,2023-11-16T10:48:47Z,2024-02-14T00:00:00Z,Inmobiliaria,Alquiler,25,25,1,2,NA,Departamento,ARG,80000,80000,2134786729,2023-12,965.59,"c(-58.6033664, -34.5648047)",FALSE,80000,82.85,3200,3.31,3200,3.31,NA,26,07,06840010,Loma Hermosa,Norte,Norte,FALSE,FALSE,FALSE,FALSE
2023-12-11T00:00:00Z,2023-11-28T16:15:03Z,2024-02-26T00:00:00Z,Inmobiliaria,Alquiler,30,30,1,2,NA,Departamento,ARG,160000,160000,1794456295,2023-12,965.59,"c(-58.5426124, -34.6412898)",FALSE,160000,165.7,5333.33,5.52,5333.33,5.52,DP,30,04,06840010,Ciudadela,Ciudadela,Sur,FALSE,FALSE,FALSE,FALSE
2023-12-17T00:00:00Z,2023-12-01T18:11:11Z,2024-02-29T00:00:00Z,Inmobiliaria,Alquiler,60,55,2,0,NA,Departamento,ARG,220000,220000,2172562669,2023-12,965.59,"c(-58.5782429, -34.5850723)",FALSE,220000,227.84,3666.67,3.8,4000,4.14,NA,22,14,06840010,Villa Bosch,Villa Bosch,Centro,FALSE,FALSE,FALSE,FALSE
2023-12-04T00:00:00Z,2023-11-30T10:46:31Z,2023-12-30T00:00:00Z,Fsbo,Alquiler,30,30,0,1,NA,Departamento,ARG,90000,90000,2166234309,2023-12,965.59,"c(-58.5368713, -34.6277405)",FALSE,90000,93.21,3000,3.11,3000,3.11,NA,30,04,06840010,Ciudadela,Ciudadela,Sur,FALSE,FALSE,FALSE,FALSE
2023-12-14T00:00:00Z,2023-10-24T15:24:42Z,2024-01-22T00:00:00Z,Inmobiliaria,Alquiler,25,25,1,0,NA,Departamento,ARG,120000,120000,1786732139,2023-12,965.59,"c(-58.6019014, -34.5635811)",FALSE,120000,124.28,4800,4.97,4800,4.97,NA,26,07,06840010,Loma Hermosa,Norte,Norte,FALSE,FALSE,FALSE,FALSE
2023-12-31T00:00:00Z,2023-11-13T17:03:46Z,2024-02-11T00:00:00Z,Inmobiliaria,Alquiler,30,30,1,2,NA,Departamento,ARG,150000,150000,2128129645,2023-12,965.59,"c(-58.5901693, -34.5883275)",FALSE,150000,155.35,5000,5.18,5000,5.18,DP,20,08,06840010,Martín Coronado,Martín Coronado,Centro,FALSE,FALSE,FALSE,FALSE
2023-12-25T00:00:00Z,2023-11-21T17:28:43Z,2024-02-19T00:00:00Z,Inmobiliaria,Alquiler,48,44,1,2,NA,Departamento,ARG,250000,250000,1792954607,2023-12,965.59,"c(-58.558206, -34.607941)",FALSE,250000,258.91,5208.33,5.39,5681.82,5.88,DP,18,01,06840010,Caseros,Caseros,Caseros,FALSE,FALSE,FALSE,FALSE
2023-12-31T00:00:00Z,2023-12-27T09:15:02Z,2024-03-26T00:00:00Z,Inmobiliaria,Alquiler,85,70,2,3,NA,Departamento,ARG,300000,300000,2223199073,2023-12,965.59,"c(-58.5654065, -34.5895903)",FALSE,300000,310.69,3529.41,3.66,4285.71,4.44,NA,22,14,06840010,Villa Bosch,Villa Bosch,Centro,FALSE,FALSE,FALSE,FALSE
2023-12-14T00:00:00Z,2023-12-12T11:10:19Z,2024-03-11T00:00:00Z,Inmobiliaria,Alquiler,35,35,1,2,NA,Departamento,ARG,170000,170000,1797673243,2023-12,965.59,"c(-58.5636637, -34.6022232)",FALSE,170000,176.06,4857.14,5.03,4857.14,5.03,DP,18,01,06840010,Caseros,Caseros,Caseros,FALSE,FALSE,FALSE,FALSE
2023-12-11T00:00:00Z,2023-11-15T16:28:03Z,2024-02-13T14:20:53Z,Inmobiliaria,Alquiler,40,40,1,2,NA,Departamento,ARG,164000,164000,1791755087,2023-12,965.59,"c(-58.5327672, -34.6146638)",FALSE,164000,169.84,4100,4.25,4100,4.25,NA,17,06,06840010,José Ingenieros,José Ingenieros,Sur,FALSE,FALSE,FALSE,FALSE
2023-12-01T00:00:00Z,2023-11-28T18:29:57Z,2024-02-26T00:00:00Z,Inmobiliaria,Alquiler,35,35,1,2,NA,Departamento,ARG,110000,110000,1794463247,2023-12,965.59,"c(-58.5617216, -34.6028641)",FALSE,110000,113.92,3142.86,3.25,3142.86,3.25,DP,18,01,06840010,Caseros,Caseros,Caseros,FALSE,FALSE,FALSE,FALSE
2023-12-31T00:00:00Z,2023-12-25T21:46:08Z,2024-01-24T00:00:00Z,Fsbo,Alquiler,42,42,1,2,NA,Departamento,ARG,220000,220000,1800315079,2023-12,965.59,"c(-58.5687669, -34.5894467)",FALSE,220000,227.84,5238.1,5.42,5238.1,5.42,NA,22,14,06840010,Villa Bosch,Villa Bosch,Centro,FALSE,FALSE,FALSE,FALSE
2023-12-27T00:00:00Z,2023-12-07T08:17:41Z,2024-01-06T00:00:12Z,Fsbo,Alquiler,35,35,1,1,NA,Departamento,ARG,150000,150000,2184289889,2023-12,965.59,"c(-58.5569153, -34.5968812)",FALSE,150000,155.35,4285.71,4.44,4285.71,4.44,NA,21,13,06840010,Santos Lugares,Santos Lugares,Este,FALSE,FALSE,FALSE,FALSE
2023-12-31T00:00:00Z,2023-12-27T23:16:52Z,2024-03-26T00:00:00Z,Inmobiliaria,Alquiler,45,43,1,2,NA,Departamento,ARG,210000,210000,1800891539,2023-12,965.59,"c(-58.5706541, -34.5895516)",FALSE,210000,217.48,4666.67,4.83,4883.72,5.06,DP,22,14,06840010,Villa Bosch,Villa Bosch,Centro,FALSE,FALSE,FALSE,FALSE
2023-12-12T00:00:00Z,2023-12-01T18:11:06Z,2024-02-29T00:00:00Z,Inmobiliaria,Alquiler,50,45,2,0,NA,Departamento,ARG,150000,150000,2172387613,2023-12,965.59,"c(-58.5720299, -34.5965374)",FALSE,150000,155.35,3000,3.11,3333.33,3.45,NA,18,01,06840010,Caseros,Caseros,Caseros,FALSE,FALSE,FALSE,FALSE
2023-12-13T00:00:00Z,2023-12-13T13:01:46Z,2024-01-12T00:00:00Z,Fsbo,Alquiler,35,35,1,2,NA,Departamento,ARG,180000,180000,2195357257,2023-12,965.59,"c(-58.5421256, -34.6436083)",FALSE,180000,186.41,5142.86,5.33,5142.86,5.33,NA,30,04,06840010,Ciudadela,Ciudadela,Sur,FALSE,FALSE,FALSE,FALSE
2023-12-20T00:00:00Z,2023-12-20T14:01:24Z,2024-03-19T00:00:00Z,Inmobiliaria,Alquiler,33,33,1,1,NA,Departamento,ARG,160000,160000,2212732209,2023-12,965.59,"c(-58.5494218, -34.5998706)",FALSE,160000,165.7,4848.48,5.02,4848.48,5.02,NA,21,13,06840010,Santos Lugares,Santos Lugares,Este,FALSE,FALSE,TRUE,FALSE
2023-12-31T00:00:00Z,2023-12-13T16:07:27Z,2024-03-12T00:00:00Z,Inmobiliaria,Alquiler,40,40,1,2,NA,Departamento,ARG,220000,220000,2196724457,2023-12,965.59,"c(-58.547266, -34.618287)",FALSE,220000,227.84,5500,5.7,5500,5.7,NA,18,01,06840010,Caseros,Caseros,Caseros,FALSE,FALSE,FALSE,FALSE
2023-12-05T00:00:00Z,2023-11-30T17:03:21Z,2024-02-28T00:00:00Z,Inmobiliaria,Alquiler,50,45,1,2,NA,Departamento,ARG,150000,150000,1795139063,2023-12,965.59,"c(-58.5825542, -34.5806668)",FALSE,150000,155.35,3000,3.11,3333.33,3.45,NA,22,14,06840010,Villa Bosch,Villa Bosch,Centro,FALSE,FALSE,FALSE,FALSE
2023-12-31T00:00:00Z,2023-12-14T10:13:14Z,2024-01-13T00:00:00Z,Fsbo,Alquiler,45,45,1,2,NA,Departamento,ARG,210000,210000,1797893155,2023-12,965.59,"c(-58.5598015, -34.6229045)",FALSE,210000,217.48,4666.67,4.83,4666.67,4.83,NA,18,01,06840010,Caseros,Caseros,Caseros,FALSE,FALSE,FALSE,FALSE
2023-12-14T00:00:00Z,2023-11-28T11:20:14Z,2024-02-26T00:00:00Z,Inmobiliaria,Alquiler,55,55,2,3,NA,Departamento,ARG,220000,220000,2158251049,2023-12,965.59,"c(-58.5427622, -34.6356049)",FALSE,220000,227.84,4000,4.14,4000,4.14,NA,30,04,06840010,Ciudadela,Ciudadela,Sur,FALSE,FALSE,TRUE,FALSE
2023-12-31T00:00:00Z,2023-12-01T08:50:48Z,2024-02-29T00:00:00Z,Inmobiliaria,Alquiler,39,36,0,1,NA,Departamento,ARG,195000,195000,2169524321,2023-12,965.59,"c(-58.558207, -34.607941)",FALSE,195000,201.95,5000,5.18,5416.67,5.61,DP,18,01,06840010,Caseros,Caseros,Caseros,FALSE,FALSE,FALSE,FALSE
2023-12-04T00:00:00Z,2023-11-29T23:40:18Z,2024-02-27T00:00:00Z,Inmobiliaria,Alquiler,30,30,1,1,NA,Departamento,ARG,120000,120000,1794725943,2023-12,965.59,"c(-58.5920262, -34.5881099)",FALSE,120000,124.28,4000,4.14,4000,4.14,NA,20,08,06840010,Martín Coronado,Martín Coronado,Centro,FALSE,FALSE,FALSE,FALSE
2023-12-21T00:00:00Z,2023-12-18T21:36:08Z,2024-03-17T00:00:00Z,Inmobiliaria,Alquiler,36,36,1,2,NA,Departamento,ARG,150000,150000,2208442117,2023-12,965.59,"c(-58.5945018, -34.586777)",FALSE,150000,155.35,4166.67,4.32,4166.67,4.32,NA,20,08,06840010,Martín Coronado,Martín Coronado,Centro,FALSE,FALSE,FALSE,FALSE
2023-12-31T00:00:00Z,2023-12-30T10:28:14Z,2024-03-29T00:00:00Z,Inmobiliaria,Alquiler,50,42,1,2,NA,Departamento,ARG,200000,200000,1801406571,2023-12,965.59,"c(-58.5859568, -34.5847714)",FALSE,200000,207.13,4000,4.14,4761.9,4.93,NA,20,08,06840010,Martín Coronado,Martín Coronado,Centro,FALSE,FALSE,FALSE,FALSE
2023-12-07T00:00:00Z,2023-12-07T16:21:20Z,2024-03-06T00:00:00Z,Inmobiliaria,Alquiler,32,29,0,1,NA,Departamento,ARG,140000,140000,1796917879,2023-12,965.59,"c(-58.5370272, -34.6003785)",FALSE,140000,144.99,4375,4.53,4827.59,5,NA,29,12,06840010,Sáenz Peña,Sáenz Peña,Este,FALSE,FALSE,FALSE,FALSE
2023-12-25T00:00:00Z,2023-12-14T22:17:13Z,2024-03-13T00:00:00Z,Inmobiliaria,Alquiler,32,29,0,1,NA,Departamento,ARG,140000,140000,2200850253,2023-12,965.59,"c(-58.5671698, -34.6086696)",FALSE,140000,144.99,4375,4.53,4827.59,5,DP,18,01,06840010,Caseros,Caseros,Caseros,FALSE,FALSE,FALSE,FALSE
2023-12-20T00:00:00Z,2023-11-11T10:19:12Z,2024-02-09T00:00:00Z,Inmobiliaria,Alquiler,45,45,1,2,NA,Departamento,ARG,150000,150000,2124791761,2023-12,965.59,"c(-58.5427411, -34.6380474)",FALSE,150000,155.35,3333.33,3.45,3333.33,3.45,DP,30,04,06840010,Ciudadela,Ciudadela,Sur,FALSE,FALSE,FALSE,FALSE
2023-12-05T00:00:00Z,2023-11-29T11:00:46Z,2024-02-27T00:00:00Z,Inmobiliaria,Alquiler,42,40,1,2,NA,Departamento,ARG,140000,140000,2163806925,2023-12,965.59,"c(-58.5306817, -34.6332833)",FALSE,140000,144.99,3333.33,3.45,3500,3.62,DP,30,04,06840010,Ciudadela,Ciudadela,Sur,FALSE,FALSE,FALSE,FALSE
2023-12-14T00:00:00Z,2023-11-13T16:06:38Z,2024-02-11T00:00:00Z,Inmobiliaria,Alquiler,34,31,0,1,NA,Departamento,ARG,180000,180000,1791114815,2023-12,965.59,"c(-58.578777, -34.587841)",FALSE,180000,186.41,5294.12,5.48,5806.45,6.01,NA,22,14,06840010,Villa Bosch,Villa Bosch,Centro,FALSE,FALSE,FALSE,FALSE
2023-12-12T00:00:00Z,2023-12-12T11:45:28Z,2024-03-11T00:00:00Z,Inmobiliaria,Alquiler,39,37,1,2,NA,Departamento,ARG,170000,170000,1797545331,2023-12,965.59,"c(-58.542573, -34.5993836)",FALSE,170000,176.06,4358.97,4.51,4594.59,4.76,NA,21,13,06840010,Santos Lugares,Santos Lugares,Este,FALSE,FALSE,FALSE,FALSE
2023-12-03T00:00:00Z,2023-11-27T18:58:27Z,2024-02-25T00:00:00Z,Inmobiliaria,Alquiler,60,57,2,3,NA,Departamento,ARG,200000,200000,1794278811,2023-12,965.59,"c(-58.5891981, -34.5981739)",FALSE,200000,207.13,3333.33,3.45,3508.77,3.63,NA,19,03,06840010,Ciudad Jardín Lomas del Palomar,Ciudad Jardín Lomas del Palomar,Centro,FALSE,FALSE,FALSE,FALSE
2023-12-31T00:00:00Z,2023-12-21T11:06:00Z,2024-03-20T00:00:00Z,Inmobiliaria,Alquiler,70,50,2,3,NA,Departamento,ARG,180000,180000,2213318297,2023-12,965.59,"c(-58.605039, -34.576406)",FALSE,180000,186.41,2571.43,2.66,3600,3.73,NA,24,10,06840010,Pablo Podestá,Norte,Norte,FALSE,FALSE,FALSE,FALSE
2023-12-31T00:00:00Z,2023-12-23T13:04:40Z,2024-03-22T00:00:00Z,Inmobiliaria,Alquiler,36,36,1,2,NA,Departamento,ARG,150000,150000,1799974527,2023-12,965.59,"c(-58.5945018, -34.586777)",FALSE,150000,155.35,4166.67,4.32,4166.67,4.32,NA,20,08,06840010,Martín Coronado,Martín Coronado,Centro,FALSE,FALSE,FALSE,FALSE
2023-12-18T00:00:00Z,2023-12-13T10:13:10Z,2024-03-12T00:00:00Z,Inmobiliaria,Alquiler,160,100,2,3,NA,Departamento,ARG,250000,250000,2195143321,2023-12,965.59,"c(-58.6021484, -34.5685745)",FALSE,250000,258.91,1562.5,1.62,2500,2.59,NA,26,07,06840010,Loma Hermosa,Norte,Norte,FALSE,FALSE,FALSE,FALSE
2023-12-31T00:00:00Z,2023-12-24T18:02:19Z,2024-01-23T00:00:00Z,Fsbo,Alquiler,70,65,2,3,NA,Departamento,ARG,80000,80000,2218317997,2023-12,965.59,"c(-58.5613908, -34.6240909)",FALSE,80000,82.85,1142.86,1.18,1230.77,1.27,NA,18,01,06840010,Caseros,Caseros,Caseros,FALSE,FALSE,FALSE,FALSE
2023-12-31T00:00:00Z,2023-12-31T15:32:48Z,2024-01-30T00:00:00Z,Fsbo,Alquiler,40,40,1,2,NA,Departamento,ARG,200000,200000,2231798493,2023-12,965.59,"c(-58.5419294, -34.6370859)",FALSE,200000,207.13,5000,5.18,5000,5.18,NA,30,04,06840010,Ciudadela,Ciudadela,Sur,FALSE,FALSE,FALSE,FALSE
2023-12-28T00:00:00Z,2023-12-26T09:15:02Z,2024-03-25T00:00:00Z,Inmobiliaria,Alquiler,50,50,1,2,NA,Departamento,ARG,200000,200000,2221186373,2023-12,965.59,"c(-58.5394954, -34.6369907)",FALSE,200000,207.13,4000,4.14,4000,4.14,NA,30,04,06840010,Ciudadela,Ciudadela,Sur,FALSE,FALSE,FALSE,FALSE
2023-12-31T00:00:00Z,2023-12-17T10:12:05Z,2024-01-16T00:00:00Z,Fsbo,Alquiler,70,65,1,3,NA,Departamento,ARG,180000,180000,1798399787,2023-12,965.59,"c(-58.5734003, -34.6118671)",FALSE,180000,186.41,2571.43,2.66,2769.23,2.87,NA,18,01,06840010,Caseros,Caseros,Caseros,FALSE,FALSE,FALSE,FALSE
2023-12-31T00:00:00Z,2023-12-01T16:54:28Z,2024-02-29T00:00:00Z,Inmobiliaria,Alquiler,55,50,1,0,NA,Departamento,ARG,170000,170000,2172329657,2023-12,965.59,"c(-58.5786882, -34.5807391)",FALSE,170000,176.06,3090.91,3.2,3400,3.52,NA,22,14,06840010,Villa Bosch,Villa Bosch,Centro,FALSE,FALSE,TRUE,FALSE
2023-12-31T00:00:00Z,2023-12-01T07:13:15Z,2024-02-29T00:00:00Z,Inmobiliaria,Alquiler,63,63,2,3,NA,Departamento,ARG,366000,366000,2168983369,2023-12,965.59,"c(-58.5300936, -34.5992231)",FALSE,366000,379.04,5809.52,6.02,5809.52,6.02,NA,29,12,06840010,Sáenz Peña,Sáenz Peña,Este,FALSE,FALSE,FALSE,FALSE
2023-12-19T00:00:00Z,2023-12-19T20:06:21Z,2024-03-18T00:00:00Z,Inmobiliaria,Alquiler,40,35,2,3,NA,Departamento,ARG,160000,160000,2210386205,2023-12,965.59,"c(-58.5509197, -34.5935154)",FALSE,160000,165.7,4000,4.14,4571.43,4.73,NA,21,13,06840010,Santos Lugares,Santos Lugares,Este,FALSE,FALSE,FALSE,FALSE
2023-12-03T00:00:00Z,2023-12-01T18:11:02Z,2024-02-29T00:00:00Z,Inmobiliaria,Alquiler,50,45,2,0,NA,Departamento,ARG,150000,150000,2172587949,2023-12,965.59,"c(-58.5720299, -34.5965374)",FALSE,150000,155.35,3000,3.11,3333.33,3.45,NA,18,01,06840010,Caseros,Caseros,Caseros,FALSE,FALSE,FALSE,FALSE
2023-12-31T00:00:00Z,2023-12-30T01:46:04Z,2024-01-29T00:00:00Z,Fsbo,Alquiler,25,25,1,2,NA,Departamento,ARG,110000,110000,2229407021,2023-12,965.59,"c(-58.532889, -34.64832)",FALSE,110000,113.92,4400,4.56,4400,4.56,NA,30,04,06840010,Ciudadela,Ciudadela,Sur,FALSE,FALSE,FALSE,FALSE
2023-12-31T00:00:00Z,2023-12-06T08:55:49Z,2024-03-05T00:00:00Z,Inmobiliaria,Alquiler,55,50,1,2,NA,Departamento,ARG,250000,250000,2181665117,2023-12,965.59,"c(-58.5597903, -34.6081289)",FALSE,250000,258.91,4545.45,4.71,5000,5.18,DP,18,01,06840010,Caseros,Caseros,Caseros,FALSE,FALSE,TRUE,FALSE
2023-12-19T00:00:00Z,2023-12-01T18:11:10Z,2024-02-29T00:00:00Z,Inmobiliaria,Alquiler,45,40,1,0,NA,Departamento,ARG,130000,130000,2172413517,2023-12,965.59,"c(-58.5844758, -34.5762238)",FALSE,130000,134.63,2888.89,2.99,3250,3.37,NA,22,14,06840010,Villa Bosch,Villa Bosch,Centro,FALSE,FALSE,FALSE,FALSE
2023-12-05T00:00:00Z,2023-11-29T12:24:31Z,2024-02-27T00:00:00Z,Inmobiliaria,Alquiler,51,45,1,2,NA,Departamento,ARG,190000,190000,2163868789,2023-12,965.59,"c(-58.5454247, -34.5967747)",FALSE,190000,196.77,3725.49,3.86,4222.22,4.37,NA,21,13,06840010,Santos Lugares,Santos Lugares,Este,FALSE,FALSE,FALSE,FALSE
2023-12-31T00:00:00Z,2023-12-28T17:36:07Z,2024-03-27T00:00:00Z,Inmobiliaria,Alquiler,58,48,1,2,NA,Departamento,ARG,180000,180000,2227791877,2023-12,965.59,"c(-58.5384301, -34.6448517)",FALSE,180000,186.41,3103.45,3.21,3750,3.88,NA,30,04,06840010,Ciudadela,Ciudadela,Sur,FALSE,FALSE,FALSE,FALSE
2023-12-05T00:00:00Z,2023-12-05T10:48:06Z,2024-03-04T00:00:00Z,Inmobiliaria,Alquiler,42,42,1,2,NA,Departamento,ARG,200000,200000,2179253625,2023-12,965.59,"c(-58.528291, -34.5997)",FALSE,200000,207.13,4761.9,4.93,4761.9,4.93,NA,29,12,06840010,Sáenz Peña,Sáenz Peña,Este,FALSE,FALSE,FALSE,FALSE
2023-12-31T00:00:00Z,2023-12-29T10:13:36Z,2024-01-28T00:00:00Z,Fsbo,Alquiler,33,33,1,2,NA,Departamento,DOL,250,201987.5,1801220451,2023-12,965.59,"c(-58.5901693, -34.5883275)",TRUE,241397.5,250,7315.08,7.58,7315.08,7.58,DP,20,08,06840010,Martín Coronado,Martín Coronado,Centro,FALSE,FALSE,TRUE,FALSE
2023-12-31T00:00:00Z,2023-12-27T13:33:29Z,2024-01-26T00:00:00Z,Fsbo,Alquiler,90,86,1,3,NA,Departamento,ARG,245000,245000,1800630135,2023-12,965.59,"c(-58.5390502, -34.6447593)",FALSE,245000,253.73,2722.22,2.82,2848.84,2.95,NA,30,04,06840010,Ciudadela,Ciudadela,Sur,FALSE,FALSE,FALSE,FALSE
2023-12-21T00:00:00Z,2023-12-04T11:51:16Z,2024-01-03T00:00:00Z,Fsbo,Alquiler,65,65,2,3,NA,Departamento,ARG,270000,270000,2177040161,2023-12,965.59,"c(-58.5677263, -34.5994688)",FALSE,270000,279.62,4153.85,4.3,4153.85,4.3,DP,18,01,06840010,Caseros,Caseros,Caseros,FALSE,FALSE,FALSE,FALSE
2023-12-31T00:00:00Z,2023-12-13T10:32:35Z,2024-03-12T00:00:00Z,Inmobiliaria,Alquiler,50,45,1,0,NA,Departamento,ARG,180000,180000,2195118417,2023-12,965.59,"c(-58.5720299, -34.5965374)",FALSE,180000,186.41,3600,3.73,4000,4.14,NA,18,01,06840010,Caseros,Caseros,Caseros,FALSE,FALSE,FALSE,FALSE
2023-12-09T00:00:00Z,2023-12-06T10:15:02Z,2024-03-05T00:00:00Z,Inmobiliaria,Alquiler,120,100,2,3,NA,Departamento,ARG,250000,250000,2181802565,2023-12,965.59,"c(-58.594047, -34.5941433)",FALSE,250000,258.91,2083.33,2.16,2500,2.59,NA,19,03,06840010,Ciudad Jardín Lomas del Palomar,Ciudad Jardín Lomas del Palomar,Centro,FALSE,FALSE,FALSE,FALSE
2023-12-12T00:00:00Z,2023-12-12T08:25:49Z,2024-01-11T00:00:00Z,Fsbo,Alquiler,57,57,1,2,NA,Departamento,ARG,150000,150000,2191538637,2023-12,965.59,"c(-58.5357211, -34.5993035)",FALSE,150000,155.35,2631.58,2.73,2631.58,2.73,NA,29,12,06840010,Sáenz Peña,Sáenz Peña,Este,FALSE,FALSE,FALSE,FALSE
2023-12-31T00:00:00Z,2023-09-18T16:30:02Z,2024-01-07T09:25:08Z,Inmobiliaria,Alquiler,42,40,1,2,NA,Departamento,ARG,120000,120000,1777402927,2023-12,965.59,"c(-58.5918204, -34.6005889)",FALSE,120000,124.28,2857.14,2.96,3000,3.11,NA,19,03,06840010,Ciudad Jardín Lomas del Palomar,Ciudad Jardín Lomas del Palomar,Centro,FALSE,FALSE,FALSE,FALSE
2023-12-28T00:00:00Z,2023-12-12T08:40:38Z,2024-03-11T00:00:00Z,Inmobiliaria,Alquiler,40,40,1,2,NA,Departamento,ARG,200000,200000,2191772497,2023-12,965.59,"c(-58.5450197, -34.6365971)",FALSE,200000,207.13,5000,5.18,5000,5.18,NA,30,04,06840010,Ciudadela,Ciudadela,Sur,FALSE,FALSE,FALSE,FALSE
2023-12-31T00:00:00Z,2023-12-27T09:00:04Z,2024-03-26T00:00:00Z,Inmobiliaria,Alquiler,44,40,1,2,NA,Departamento,ARG,200000,200000,2223198489,2023-12,965.59,"c(-58.5652384, -34.5888227)",FALSE,200000,207.13,4545.45,4.71,5000,5.18,NA,22,14,06840010,Villa Bosch,Villa Bosch,Centro,FALSE,FALSE,TRUE,FALSE
2023-12-21T00:00:00Z,2023-12-21T11:01:01Z,2024-01-20T00:00:00Z,Fsbo,Alquiler,31,28,1,1,NA,Departamento,ARG,100000,100000,1799560623,2023-12,965.59,"c(-58.54442, -34.634726)",FALSE,100000,103.56,3225.81,3.34,3571.43,3.7,NA,30,04,06840010,Ciudadela,Ciudadela,Sur,FALSE,FALSE,FALSE,FALSE
2023-12-09T00:00:00Z,2023-12-01T10:38:15Z,2024-02-29T00:00:00Z,Inmobiliaria,Alquiler,28,26,0,1,NA,Departamento,ARG,170000,170000,2168810269,2023-12,965.59,"c(-58.5622216, -34.6090162)",FALSE,170000,176.06,6071.43,6.29,6538.46,6.77,DP,18,01,06840010,Caseros,Caseros,Caseros,FALSE,FALSE,FALSE,FALSE
2023-12-25T00:00:00Z,2023-12-19T15:09:25Z,2024-03-18T00:00:00Z,Inmobiliaria,Alquiler,53,47,1,2,NA,Departamento,ARG,200000,200000,2210317293,2023-12,965.59,"c(-58.5412532, -34.6383745)",FALSE,200000,207.13,3773.58,3.91,4255.32,4.41,DP,30,04,06840010,Ciudadela,Ciudadela,Sur,FALSE,FALSE,FALSE,FALSE
2023-12-28T00:00:00Z,2023-12-16T07:27:04Z,2024-03-15T00:00:00Z,Inmobiliaria,Alquiler,32,32,0,1,NA,Departamento,ARG,155000,155000,2203400841,2023-12,965.59,"c(-58.5589299, -34.6055396)",FALSE,155000,160.52,4843.75,5.02,4843.75,5.02,DP,18,01,06840010,Caseros,Caseros,Caseros,FALSE,FALSE,FALSE,FALSE
2023-12-06T00:00:00Z,2023-11-17T11:08:02Z,2024-02-15T00:00:00Z,Inmobiliaria,Alquiler,49,42,1,2,NA,Departamento,ARG,210000,210000,2136314133,2023-12,965.59,"c(-58.5607224, -34.6071816)",FALSE,210000,217.48,4285.71,4.44,5000,5.18,DP,18,01,06840010,Caseros,Caseros,Caseros,FALSE,FALSE,FALSE,FALSE
2023-12-31T00:00:00Z,2022-08-11T10:07:08Z,2023-11-10T01:18:57Z,Inmobiliaria,Alquiler,48,46,1,2,NA,Departamento,ARG,45000,45000,1302154907,2023-12,965.59,"c(-58.5617392, -34.6051582)",FALSE,45000,46.6,937.5,0.97,978.26,1.01,DP,18,01,06840010,Caseros,Caseros,Caseros,FALSE,FALSE,FALSE,FALSE
2023-12-10T00:00:00Z,2023-11-17T22:55:55Z,2024-02-15T00:00:00Z,Inmobiliaria,Alquiler,35,35,1,2,NA,Departamento,ARG,190000,190000,2138512089,2023-12,965.59,"c(-58.5633836, -34.5975999)",FALSE,190000,196.77,5428.57,5.62,5428.57,5.62,NA,18,01,06840010,Caseros,Caseros,Caseros,FALSE,FALSE,FALSE,FALSE
2023-12-31T00:00:00Z,2023-12-18T17:36:25Z,2024-01-17T00:00:00Z,Fsbo,Alquiler,40,40,1,2,NA,Departamento,ARG,200000,200000,1798692287,2023-12,965.59,"c(-58.5419294, -34.6370859)",FALSE,200000,207.13,5000,5.18,5000,5.18,NA,30,04,06840010,Ciudadela,Ciudadela,Sur,FALSE,FALSE,FALSE,FALSE
2023-12-31T00:00:00Z,2023-12-27T17:02:02Z,2024-03-26T00:00:00Z,Inmobiliaria,Alquiler,45,40,1,2,NA,Departamento,ARG,175000,175000,2225266489,2023-12,965.59,"c(-58.543293, -34.6147881)",FALSE,175000,181.24,3888.89,4.03,4375,4.53,NA,18,01,06840010,Caseros,Caseros,Caseros,FALSE,FALSE,FALSE,FALSE
2023-12-31T00:00:00Z,2023-12-30T18:05:04Z,2024-03-29T00:00:00Z,Inmobiliaria,Alquiler,32,32,0,1,NA,Departamento,ARG,155000,155000,1801599715,2023-12,965.59,"c(-58.5589299, -34.6055396)",FALSE,155000,160.52,4843.75,5.02,4843.75,5.02,DP,18,01,06840010,Caseros,Caseros,Caseros,FALSE,FALSE,FALSE,FALSE
2023-12-26T00:00:00Z,2023-12-12T18:57:31Z,2024-03-11T00:00:00Z,Inmobiliaria,Alquiler,38,38,2,3,NA,Departamento,ARG,150000,150000,1797729351,2023-12,965.59,"c(-58.5435371, -34.5996361)",FALSE,150000,155.35,3947.37,4.09,3947.37,4.09,NA,21,13,06840010,Santos Lugares,Santos Lugares,Este,FALSE,FALSE,FALSE,FALSE
2023-12-06T00:00:00Z,2023-12-05T09:10:32Z,2024-03-04T00:00:00Z,Inmobiliaria,Alquiler,75,70,2,3,NA,Departamento,ARG,270000,270000,2179581817,2023-12,965.59,"c(-58.5628395, -34.609539)",FALSE,270000,279.62,3600,3.73,3857.14,3.99,DP,18,01,06840010,Caseros,Caseros,Caseros,FALSE,FALSE,FALSE,FALSE
2023-12-10T00:00:00Z,2023-11-08T08:26:04Z,2024-02-06T00:00:00Z,Inmobiliaria,Alquiler,80,60,2,3,NA,Departamento,ARG,65000,65000,2118045041,2023-12,965.59,"c(-58.5727679, -34.6117065)",FALSE,65000,67.32,812.5,0.84,1083.33,1.12,NA,18,01,06840010,Caseros,Caseros,Caseros,FALSE,FALSE,FALSE,FALSE
2023-12-06T00:00:00Z,2023-12-01T11:01:44Z,2024-02-29T00:00:00Z,Inmobiliaria,Alquiler,80,80,3,4,NA,Departamento,ARG,400000,400000,2169020705,2023-12,965.59,"c(-58.5314423, -34.6463374)",FALSE,400000,414.25,5000,5.18,5000,5.18,NA,30,04,06840010,Ciudadela,Ciudadela,Sur,FALSE,FALSE,FALSE,FALSE
2023-12-31T00:00:00Z,2023-12-13T16:46:06Z,2024-03-12T00:00:00Z,Inmobiliaria,Alquiler,37,35,1,2,NA,Departamento,ARG,200000,200000,2196701129,2023-12,965.59,"c(-58.5643388, -34.6069229)",FALSE,200000,207.13,5405.41,5.6,5714.29,5.92,DP,18,01,06840010,Caseros,Caseros,Caseros,FALSE,FALSE,FALSE,FALSE
2023-12-27T00:00:00Z,2023-12-27T17:02:02Z,2024-03-26T00:00:00Z,Inmobiliaria,Alquiler,45,40,1,2,NA,Departamento,ARG,175000,175000,1800848123,2023-12,965.59,"c(-58.543293, -34.6147881)",FALSE,175000,181.24,3888.89,4.03,4375,4.53,NA,18,01,06840010,Caseros,Caseros,Caseros,FALSE,FALSE,FALSE,FALSE
2023-12-31T00:00:00Z,2023-12-11T21:17:08Z,2024-03-10T00:00:00Z,Inmobiliaria,Alquiler,100,90,2,3,NA,Departamento,ARG,300000,300000,2191706269,2023-12,965.59,"c(-58.5387458, -34.6166399)",FALSE,300000,310.69,3000,3.11,3333.33,3.45,NA,17,06,06840010,José Ingenieros,José Ingenieros,Sur,FALSE,FALSE,FALSE,FALSE
2023-12-10T00:00:00Z,2023-09-27T08:57:04Z,2023-12-26T00:00:00Z,Inmobiliaria,Alquiler,35,35,1,2,NA,Departamento,ARG,140000,140000,2041173393,2023-12,965.59,"c(-58.5576172, -34.5936852)",FALSE,140000,144.99,4000,4.14,4000,4.14,NA,18,01,06840010,Caseros,Caseros,Caseros,FALSE,FALSE,FALSE,FALSE
2023-12-11T00:00:00Z,2023-10-31T10:30:01Z,2024-02-23T00:00:00Z,Inmobiliaria,Alquiler,72,40,1,2,NA,Departamento,ARG,170000,170000,2103480945,2023-12,965.59,"c(-58.5597305, -34.6228409)",FALSE,170000,176.06,2361.11,2.45,4250,4.4,NA,18,01,06840010,Caseros,Caseros,Caseros,FALSE,FALSE,FALSE,FALSE
2023-12-26T00:00:00Z,2023-12-14T10:55:17Z,2024-03-13T00:00:00Z,Inmobiliaria,Alquiler,45,45,1,2,NA,Departamento,ARG,140000,140000,1797768347,2023-12,965.59,"c(-58.5522499, -34.6358109)",FALSE,140000,144.99,3111.11,3.22,3111.11,3.22,NA,30,04,06840010,Ciudadela,Ciudadela,Sur,FALSE,FALSE,FALSE,FALSE
2023-12-09T00:00:00Z,2023-11-17T22:56:02Z,2024-02-15T00:00:00Z,Inmobiliaria,Alquiler,41,35,1,2,NA,Departamento,ARG,220000,220000,2138686157,2023-12,965.59,"c(-58.5622216, -34.6090162)",FALSE,220000,227.84,5365.85,5.56,6285.71,6.51,DP,18,01,06840010,Caseros,Caseros,Caseros,FALSE,FALSE,FALSE,FALSE
2023-12-31T00:00:00Z,2023-12-20T14:01:33Z,2024-03-19T00:00:00Z,Inmobiliaria,Alquiler,25,25,0,1,NA,Departamento,ARG,150000,150000,2212577629,2023-12,965.59,"c(-58.5599871, -34.5984906)",FALSE,150000,155.35,6000,6.21,6000,6.21,NA,18,01,06840010,Caseros,Caseros,Caseros,FALSE,FALSE,FALSE,FALSE
2023-12-07T00:00:00Z,2023-12-07T13:12:28Z,2024-03-06T00:00:00Z,Inmobiliaria,Alquiler,52,52,1,2,NA,Departamento,ARG,200000,200000,2184516625,2023-12,965.59,"c(-58.5679156, -34.5878903)",FALSE,200000,207.13,3846.15,3.98,3846.15,3.98,NA,22,14,06840010,Villa Bosch,Villa Bosch,Centro,FALSE,FALSE,FALSE,FALSE
2023-12-31T00:00:00Z,2023-11-27T14:41:02Z,2024-02-26T09:37:45Z,Inmobiliaria,Alquiler,50,50,1,2,NA,Departamento,ARG,140000,140000,1794161411,2023-12,965.59,"c(-58.5522499, -34.6358109)",FALSE,140000,144.99,2800,2.9,2800,2.9,NA,30,04,06840010,Ciudadela,Ciudadela,Sur,FALSE,FALSE,FALSE,FALSE
2023-12-31T00:00:00Z,2023-12-19T14:14:47Z,2024-03-18T00:00:00Z,Inmobiliaria,Alquiler,45,40,1,2,NA,Departamento,ARG,190000,190000,1798834159,2023-12,965.59,"c(-58.5685387, -34.6061707)",FALSE,190000,196.77,4222.22,4.37,4750,4.92,DP,18,01,06840010,Caseros,Caseros,Caseros,FALSE,FALSE,FALSE,FALSE
2023-12-31T00:00:00Z,2023-10-12T16:25:20Z,2024-01-10T00:00:00Z,Inmobiliaria,Alquiler,36,34,1,2,NA,Departamento,ARG,150000,150000,1784436887,2023-12,965.59,"c(-58.5852695, -34.5800146)",FALSE,150000,155.35,4166.67,4.32,4411.76,4.57,NA,22,14,06840010,Villa Bosch,Villa Bosch,Centro,FALSE,FALSE,FALSE,FALSE
2023-12-31T00:00:00Z,2023-12-29T19:26:09Z,2024-03-28T00:00:00Z,Inmobiliaria,Alquiler,64,58,1,2,NA,Departamento,ARG,270000,270000,2229156713,2023-12,965.59,"c(-58.5651763, -34.6100266)",FALSE,270000,279.62,4218.75,4.37,4655.17,4.82,NA,18,01,06840010,Caseros,Caseros,Caseros,FALSE,FALSE,FALSE,FALSE
2023-12-10T00:00:00Z,2023-11-27T16:00:49Z,2024-02-25T00:00:00Z,Inmobiliaria,Alquiler,33,30,0,1,NA,Departamento,ARG,180000,180000,2156875629,2023-12,965.59,"c(-58.5599522, -34.5993974)",FALSE,180000,186.41,5454.55,5.65,6000,6.21,DP,18,01,06840010,Caseros,Caseros,Caseros,FALSE,FALSE,TRUE,FALSE
2023-12-10T00:00:00Z,2023-12-05T14:23:47Z,2024-03-04T00:00:00Z,Inmobiliaria,Alquiler,33,33,0,2,NA,Departamento,ARG,250000,250000,2179632393,2023-12,965.59,"c(-58.5643169, -34.6074076)",FALSE,250000,258.91,7575.76,7.85,7575.76,7.85,DP,18,01,06840010,Caseros,Caseros,Caseros,FALSE,FALSE,TRUE,FALSE
2023-12-20T00:00:00Z,2023-12-14T16:12:03Z,2024-03-13T00:00:00Z,Inmobiliaria,Alquiler,49,34,2,3,NA,Departamento,ARG,140000,140000,2199150609,2023-12,965.59,"c(-58.5582546, -34.5980028)",FALSE,140000,144.99,2857.14,2.96,4117.65,4.26,NA,18,01,06840010,Caseros,Caseros,Caseros,FALSE,FALSE,FALSE,FALSE
2023-12-31T00:00:00Z,2023-12-18T17:06:10Z,2024-03-17T00:00:00Z,Inmobiliaria,Alquiler,35,35,1,2,NA,Departamento,ARG,190000,190000,1798547383,2023-12,965.59,"c(-58.5633836, -34.5975999)",FALSE,190000,196.77,5428.57,5.62,5428.57,5.62,NA,18,01,06840010,Caseros,Caseros,Caseros,FALSE,FALSE,FALSE,FALSE
2023-12-27T00:00:00Z,2023-12-19T14:40:18Z,2024-03-18T00:00:00Z,Inmobiliaria,Alquiler,40,36,1,2,NA,Departamento,ARG,180000,180000,1799029555,2023-12,965.59,"c(-58.5415905, -34.6389348)",FALSE,180000,186.41,4500,4.66,5000,5.18,DP,30,04,06840010,Ciudadela,Ciudadela,Sur,FALSE,FALSE,FALSE,FALSE
2023-12-31T00:00:00Z,2023-12-30T17:29:26Z,2024-03-29T00:00:00Z,Inmobiliaria,Alquiler,32,32,0,1,NA,Departamento,ARG,155000,155000,1801482895,2023-12,965.59,"c(-58.5589299, -34.6055396)",FALSE,155000,160.52,4843.75,5.02,4843.75,5.02,DP,18,01,06840010,Caseros,Caseros,Caseros,FALSE,FALSE,FALSE,FALSE
2023-12-31T00:00:00Z,2023-12-20T10:13:10Z,2024-03-19T00:00:00Z,Inmobiliaria,Alquiler,37,34,1,2,NA,Departamento,ARG,220000,220000,1799236259,2023-12,965.59,"c(-58.5625783, -34.6090598)",FALSE,220000,227.84,5945.95,6.16,6470.59,6.7,DP,18,01,06840010,Caseros,Caseros,Caseros,FALSE,FALSE,FALSE,FALSE
2023-12-13T00:00:00Z,2023-12-13T16:56:24Z,2024-03-12T00:00:00Z,Inmobiliaria,Alquiler,39,35,1,2,NA,Departamento,ARG,200000,200000,2196624113,2023-12,965.59,"c(-58.5608041, -34.6058419)",FALSE,200000,207.13,5128.21,5.31,5714.29,5.92,DP,18,01,06840010,Caseros,Caseros,Caseros,FALSE,FALSE,FALSE,FALSE
2023-12-11T00:00:00Z,2023-11-30T14:53:08Z,2024-02-28T10:58:37Z,Inmobiliaria,Alquiler,37,36,1,2,NA,Departamento,ARG,165000,165000,1795103587,2023-12,965.59,"c(-58.559419, -34.6126497)",FALSE,165000,170.88,4459.46,4.62,4583.33,4.75,NA,18,01,06840010,Caseros,Caseros,Caseros,FALSE,FALSE,FALSE,FALSE
2023-12-31T00:00:00Z,2023-12-07T10:58:16Z,2024-03-06T00:00:00Z,Inmobiliaria,Alquiler,80,80,3,4,NA,Departamento,ARG,400000,400000,2184298525,2023-12,965.59,"c(-58.5314423, -34.6463374)",FALSE,400000,414.25,5000,5.18,5000,5.18,NA,30,04,06840010,Ciudadela,Ciudadela,Sur,FALSE,FALSE,FALSE,FALSE
2023-12-08T00:00:00Z,2023-09-21T16:53:06Z,2023-12-20T00:00:00Z,Inmobiliaria,Alquiler,30,30,0,0,NA,Departamento,ARG,150000,150000,2029544789,2023-12,965.59,"c(-58.5588265, -34.6085854)",FALSE,150000,155.35,5000,5.18,5000,5.18,DP,18,01,06840010,Caseros,Caseros,Caseros,FALSE,FALSE,FALSE,FALSE
2023-12-26T00:00:00Z,2023-12-11T19:53:17Z,2024-03-10T00:00:00Z,Inmobiliaria,Alquiler,60,50,1,2,NA,Departamento,ARG,200000,200000,2191755441,2023-12,965.59,"c(-58.5909576, -34.5835449)",FALSE,200000,207.13,3333.33,3.45,4000,4.14,NA,20,08,06840010,Martín Coronado,Martín Coronado,Centro,FALSE,FALSE,FALSE,FALSE
2023-12-06T00:00:00Z,2023-10-27T13:12:41Z,2024-01-25T00:00:00Z,Inmobiliaria,Alquiler,48,48,1,2,NA,Departamento,ARG,180000,180000,2097436077,2023-12,965.59,"c(-58.5306817, -34.6332833)",FALSE,180000,186.41,3750,3.88,3750,3.88,DP,30,04,06840010,Ciudadela,Ciudadela,Sur,FALSE,FALSE,FALSE,FALSE
2023-12-04T00:00:00Z,2023-09-27T17:10:25Z,2023-12-26T00:00:00Z,Inmobiliaria,Alquiler,38,36,1,2,NA,Departamento,ARG,170000,170000,1780574971,2023-12,965.59,"c(-58.567538, -34.5948896)",FALSE,170000,176.06,4473.68,4.63,4722.22,4.89,NA,18,01,06840010,Caseros,Caseros,Caseros,FALSE,FALSE,FALSE,FALSE
2023-12-03T00:00:00Z,2023-11-17T22:56:00Z,2024-02-15T00:00:00Z,Inmobiliaria,Alquiler,35,32,1,2,NA,Departamento,ARG,180000,180000,2138763005,2023-12,965.59,"c(-58.5593594, -34.6022676)",FALSE,180000,186.41,5142.86,5.33,5625,5.83,DP,18,01,06840010,Caseros,Caseros,Caseros,FALSE,FALSE,FALSE,FALSE
2023-12-14T00:00:00Z,2023-12-06T10:32:05Z,2024-03-05T00:00:00Z,Inmobiliaria,Alquiler,40,40,1,2,NA,Departamento,ARG,120000,120000,2181803641,2023-12,965.59,"c(-58.551213, -34.6218079)",FALSE,120000,124.28,3000,3.11,3000,3.11,NA,30,04,06840010,Ciudadela,Ciudadela,Sur,FALSE,FALSE,FALSE,FALSE
2023-12-11T00:00:00Z,2023-10-23T11:01:05Z,2024-01-22T16:20:54Z,Inmobiliaria,Alquiler,42,42,1,2,NA,Departamento,ARG,190000,190000,2087761817,2023-12,965.59,"c(-58.5494218, -34.5998706)",FALSE,190000,196.77,4523.81,4.69,4523.81,4.69,NA,21,13,06840010,Santos Lugares,Santos Lugares,Este,FALSE,FALSE,FALSE,FALSE
2023-12-31T00:00:00Z,2023-12-11T21:17:06Z,2024-03-10T00:00:00Z,Inmobiliaria,Alquiler,80,60,2,3,NA,Departamento,ARG,65000,65000,2191551185,2023-12,965.59,"c(-58.5727679, -34.6117065)",FALSE,65000,67.32,812.5,0.84,1083.33,1.12,NA,18,01,06840010,Caseros,Caseros,Caseros,FALSE,FALSE,FALSE,FALSE
2023-12-19T00:00:00Z,2023-12-19T14:40:20Z,2024-03-18T00:00:00Z,Inmobiliaria,Alquiler,49,46,1,2,NA,Departamento,ARG,110000,110000,1798888291,2023-12,965.59,"c(-58.5406567, -34.6425846)",FALSE,110000,113.92,2244.9,2.32,2391.3,2.48,NA,30,04,06840010,Ciudadela,Ciudadela,Sur,FALSE,FALSE,FALSE,FALSE
2023-12-31T00:00:00Z,2023-12-29T18:27:07Z,2024-03-28T00:00:00Z,Inmobiliaria,Alquiler,36,34,1,2,NA,Departamento,ARG,220000,220000,2229256245,2023-12,965.59,"c(-58.5595676, -34.603298)",FALSE,220000,227.84,6111.11,6.33,6470.59,6.7,DP,18,01,06840010,Caseros,Caseros,Caseros,FALSE,FALSE,FALSE,FALSE
2023-12-10T00:00:00Z,2023-10-31T15:49:23Z,2024-01-29T00:00:00Z,Inmobiliaria,Alquiler,35,35,1,2,NA,Departamento,ARG,140000,140000,2104547025,2023-12,965.59,"c(-58.5577313, -34.5936726)",FALSE,140000,144.99,4000,4.14,4000,4.14,NA,18,01,06840010,Caseros,Caseros,Caseros,FALSE,FALSE,FALSE,FALSE
2023-12-21T00:00:00Z,2023-11-25T09:32:14Z,2024-02-23T11:01:09Z,Inmobiliaria,Alquiler,40,40,1,2,NA,Departamento,ARG,210000,210000,2152701169,2023-12,965.59,"c(-58.5587863, -34.6051632)",FALSE,210000,217.48,5250,5.44,5250,5.44,DP,18,01,06840010,Caseros,Caseros,Caseros,FALSE,FALSE,FALSE,FALSE
2023-12-20T00:00:00Z,2023-11-23T13:38:38Z,2024-02-21T00:00:00Z,Inmobiliaria,Alquiler,44,44,1,2,NA,Departamento,ARG,160000,160000,2148113937,2023-12,965.59,"c(-58.6186405, -34.568319)",FALSE,160000,165.7,3636.36,3.77,3636.36,3.77,NA,25,09,06840010,11 de Septiembre,Norte,Norte,FALSE,FALSE,TRUE,FALSE
2023-12-27T00:00:00Z,2023-12-20T14:45:14Z,2024-03-19T00:00:00Z,Inmobiliaria,Alquiler,42,42,1,2,NA,Departamento,ARG,200000,200000,2212684233,2023-12,965.59,"c(-58.5434513, -34.6368962)",FALSE,200000,207.13,4761.9,4.93,4761.9,4.93,NA,30,04,06840010,Ciudadela,Ciudadela,Sur,FALSE,FALSE,FALSE,FALSE
2023-12-31T00:00:00Z,2023-11-27T14:56:02Z,2024-02-26T09:37:48Z,Inmobiliaria,Alquiler,50,50,1,2,NA,Departamento,ARG,140000,140000,2156871561,2023-12,965.59,"c(-58.5522499, -34.6358109)",FALSE,140000,144.99,2800,2.9,2800,2.9,NA,30,04,06840010,Ciudadela,Ciudadela,Sur,FALSE,FALSE,FALSE,FALSE
2023-12-21T00:00:00Z,2023-12-21T10:37:25Z,2024-03-20T00:00:00Z,Inmobiliaria,Alquiler,49,46,1,2,NA,Departamento,ARG,110000,110000,2213316557,2023-12,965.59,"c(-58.5406567, -34.6425846)",FALSE,110000,113.92,2244.9,2.32,2391.3,2.48,NA,30,04,06840010,Ciudadela,Ciudadela,Sur,FALSE,FALSE,FALSE,FALSE
2023-12-14T00:00:00Z,2023-12-12T08:29:15Z,2024-03-11T00:00:00Z,Inmobiliaria,Alquiler,51,32,1,2,NA,Departamento,ARG,150000,150000,2191538749,2023-12,965.59,"c(-58.5556067, -34.6116552)",FALSE,150000,155.35,2941.18,3.05,4687.5,4.85,NA,18,01,06840010,Caseros,Caseros,Caseros,FALSE,FALSE,FALSE,FALSE
2023-12-05T00:00:00Z,2023-11-17T22:55:56Z,2024-02-15T00:00:00Z,Inmobiliaria,Alquiler,39,35,1,2,NA,Departamento,ARG,200000,200000,2138460829,2023-12,965.59,"c(-58.5610498, -34.6013043)",FALSE,200000,207.13,5128.21,5.31,5714.29,5.92,DP,18,01,06840010,Caseros,Caseros,Caseros,FALSE,FALSE,FALSE,FALSE
2023-12-28T00:00:00Z,2023-11-09T06:39:17Z,2024-02-07T00:08:43Z,Inmobiliaria,Alquiler,42,40,1,2,NA,Departamento,ARG,180000,180000,2119667245,2023-12,965.59,"c(-58.5378494, -34.6412201)",FALSE,180000,186.41,4285.71,4.44,4500,4.66,DP,30,04,06840010,Ciudadela,Ciudadela,Sur,FALSE,FALSE,FALSE,FALSE
2023-12-04T00:00:00Z,2023-11-30T10:16:27Z,2024-02-28T00:00:00Z,Inmobiliaria,Alquiler,32,30,1,2,NA,Departamento,ARG,195000,195000,2166231597,2023-12,965.59,"c(-58.5743207, -34.6075977)",FALSE,195000,201.95,6093.75,6.31,6500,6.73,NA,18,01,06840010,Caseros,Caseros,Caseros,FALSE,FALSE,FALSE,FALSE
2023-12-31T00:00:00Z,2023-12-19T17:02:48Z,2024-03-18T00:00:00Z,Inmobiliaria,Alquiler,41,41,1,2,NA,Departamento,ARG,240000,240000,2210530169,2023-12,965.59,"c(-58.5887615, -34.5861124)",FALSE,240000,248.55,5853.66,6.06,5853.66,6.06,NA,20,08,06840010,Martín Coronado,Martín Coronado,Centro,FALSE,FALSE,FALSE,FALSE
2023-12-05T00:00:00Z,2023-12-05T09:15:22Z,2024-03-04T00:00:00Z,Inmobiliaria,Alquiler,51,32,1,2,NA,Departamento,ARG,150000,150000,2179348877,2023-12,965.59,"c(-58.5556067, -34.6116552)",FALSE,150000,155.35,2941.18,3.05,4687.5,4.85,NA,18,01,06840010,Caseros,Caseros,Caseros,FALSE,FALSE,FALSE,FALSE
2023-12-31T00:00:00Z,2023-12-22T16:51:30Z,2024-03-21T00:00:00Z,Inmobiliaria,Alquiler,31,28,0,1,NA,Departamento,ARG,220000,220000,2215980385,2023-12,965.59,"c(-58.5634631, -34.6094827)",FALSE,220000,227.84,7096.77,7.35,7857.14,8.14,DP,18,01,06840010,Caseros,Caseros,Caseros,FALSE,FALSE,FALSE,FALSE
2023-12-31T00:00:00Z,2023-12-30T18:05:03Z,2024-03-29T00:00:00Z,Inmobiliaria,Alquiler,40,37,0,1,NA,Departamento,ARG,180000,180000,2230863789,2023-12,965.59,"c(-58.5650238, -34.6099401)",FALSE,180000,186.41,4500,4.66,4864.86,5.04,NA,18,01,06840010,Caseros,Caseros,Caseros,FALSE,FALSE,FALSE,FALSE
2023-12-04T00:00:00Z,2023-12-01T15:55:30Z,2024-02-29T00:00:00Z,Inmobiliaria,Alquiler,85,85,3,4,NA,Departamento,ARG,350000,350000,1795218803,2023-12,965.59,"c(-58.5316813, -34.599205)",FALSE,350000,362.47,4117.65,4.26,4117.65,4.26,DP,29,12,06840010,Sáenz Peña,Sáenz Peña,Este,FALSE,FALSE,FALSE,FALSE
2023-12-05T00:00:00Z,2023-11-30T09:12:55Z,2024-02-28T00:00:00Z,Inmobiliaria,Alquiler,32,32,0,1,NA,Departamento,ARG,160000,160000,2166329537,2023-12,965.59,"c(-58.5589299, -34.6055396)",FALSE,160000,165.7,5000,5.18,5000,5.18,DP,18,01,06840010,Caseros,Caseros,Caseros,FALSE,FALSE,FALSE,FALSE
2023-12-05T00:00:00Z,2023-12-01T09:55:13Z,2024-02-29T00:00:00Z,Inmobiliaria,Alquiler,45,45,1,2,NA,Departamento,ARG,100000,100000,2168833081,2023-12,965.59,"c(-58.5585248, -34.6219857)",FALSE,100000,103.56,2222.22,2.3,2222.22,2.3,NA,18,01,06840010,Caseros,Caseros,Caseros,FALSE,FALSE,FALSE,FALSE
2023-12-09T00:00:00Z,2023-11-28T08:30:13Z,2024-02-26T00:00:00Z,Inmobiliaria,Alquiler,41,41,1,2,NA,Departamento,ARG,240000,240000,2158062337,2023-12,965.59,"c(-58.5887615, -34.5861124)",FALSE,240000,248.55,5853.66,6.06,5853.66,6.06,NA,20,08,06840010,Martín Coronado,Martín Coronado,Centro,FALSE,FALSE,FALSE,FALSE
2023-12-06T00:00:00Z,2023-11-24T15:13:31Z,2024-02-22T00:00:00Z,Inmobiliaria,Alquiler,45,45,1,2,NA,Departamento,ARG,200000,200000,1793644819,2023-12,965.59,"c(-58.5475589, -34.5954675)",FALSE,200000,207.13,4444.44,4.6,4444.44,4.6,NA,21,13,06840010,Santos Lugares,Santos Lugares,Este,FALSE,FALSE,FALSE,FALSE
2023-12-10T00:00:00Z,2023-12-09T11:47:08Z,2024-03-08T00:00:00Z,Inmobiliaria,Alquiler,32,32,0,1,NA,Departamento,ARG,160000,160000,2187956609,2023-12,965.59,"c(-58.5686727, -34.6023221)",FALSE,160000,165.7,5000,5.18,5000,5.18,DP,18,01,06840010,Caseros,Caseros,Caseros,FALSE,FALSE,FALSE,FALSE
2023-12-03T00:00:00Z,2023-11-30T10:15:52Z,2024-02-28T00:00:00Z,Inmobiliaria,Alquiler,54,27,0,1,NA,Departamento,ARG,145000,145000,2166334573,2023-12,965.59,"c(-58.5743207, -34.6075977)",FALSE,145000,150.17,2685.19,2.78,5370.37,5.56,NA,18,01,06840010,Caseros,Caseros,Caseros,FALSE,FALSE,FALSE,FALSE
2023-12-31T00:00:00Z,2023-12-28T15:57:50Z,2024-03-27T00:00:00Z,Inmobiliaria,Alquiler,35,35,1,2,NA,Departamento,ARG,130000,130000,1801110747,2023-12,965.59,"c(-58.5451924, -34.6403457)",FALSE,130000,134.63,3714.29,3.85,3714.29,3.85,NA,30,04,06840010,Ciudadela,Ciudadela,Sur,FALSE,FALSE,FALSE,FALSE
2023-12-01T00:00:00Z,2023-11-28T13:21:44Z,2024-02-26T00:00:00Z,Inmobiliaria,Alquiler,50,48,1,2,NA,Departamento,ARG,250000,250000,2158103969,2023-12,965.59,"c(-58.5316821, -34.5992073)",FALSE,250000,258.91,5000,5.18,5208.33,5.39,DP,29,12,06840010,Sáenz Peña,Sáenz Peña,Este,FALSE,FALSE,FALSE,FALSE
2023-12-05T00:00:00Z,2023-12-01T10:18:36Z,2024-02-29T00:00:00Z,Inmobiliaria,Alquiler,32,29,0,1,NA,Departamento,ARG,165000,165000,2169017233,2023-12,965.59,"c(-58.5664642, -34.6064236)",FALSE,165000,170.88,5156.25,5.34,5689.66,5.89,DP,18,01,06840010,Caseros,Caseros,Caseros,FALSE,FALSE,FALSE,FALSE
2023-12-31T00:00:00Z,2023-12-30T10:03:28Z,2024-03-29T00:00:00Z,Inmobiliaria,Alquiler,40,40,1,2,NA,Departamento,ARG,185000,185000,1801541615,2023-12,965.59,"c(-58.5398834, -34.6024371)",FALSE,185000,191.59,4625,4.79,4625,4.79,DP,21,13,06840010,Santos Lugares,Santos Lugares,Este,FALSE,FALSE,FALSE,FALSE
2023-12-09T00:00:00Z,2023-12-02T15:28:53Z,2024-03-01T00:00:00Z,Inmobiliaria,Alquiler,36,36,1,2,NA,Departamento,ARG,150000,150000,1795548807,2023-12,965.59,"c(-58.5634631, -34.6094827)",FALSE,150000,155.35,4166.67,4.32,4166.67,4.32,DP,18,01,06840010,Caseros,Caseros,Caseros,FALSE,FALSE,FALSE,FALSE
2023-12-31T00:00:00Z,2023-12-27T14:43:33Z,2024-03-26T00:00:00Z,Inmobiliaria,Alquiler,120,110,2,3,NA,Departamento,ARG,240000,240000,1800693727,2023-12,965.59,"c(-58.5614204, -34.5959702)",FALSE,240000,248.55,2000,2.07,2181.82,2.26,NA,18,01,06840010,Caseros,Caseros,Caseros,FALSE,FALSE,FALSE,FALSE
2023-12-31T00:00:00Z,2023-12-12T12:16:01Z,2024-01-11T00:00:14Z,Fsbo,Alquiler,45,40,1,2,NA,Departamento,ARG,180000,180000,1797546863,2023-12,965.59,"c(-58.564372, -34.6167537)",FALSE,180000,186.41,4000,4.14,4500,4.66,NA,18,01,06840010,Caseros,Caseros,Caseros,FALSE,FALSE,FALSE,FALSE
2023-12-31T00:00:00Z,2023-12-07T10:28:56Z,2024-03-06T00:00:00Z,Inmobiliaria,Alquiler,48,48,1,2,NA,Departamento,ARG,180000,180000,2184322525,2023-12,965.59,"c(-58.5306817, -34.6332833)",FALSE,180000,186.41,3750,3.88,3750,3.88,DP,30,04,06840010,Ciudadela,Ciudadela,Sur,FALSE,FALSE,FALSE,FALSE
2023-12-31T00:00:00Z,2023-12-02T10:59:09Z,2024-03-01T00:00:00Z,Inmobiliaria,Alquiler,45,40,1,2,NA,Departamento,ARG,230000,230000,1795565599,2023-12,965.59,"c(-58.5654654, -34.5889604)",FALSE,230000,238.2,5111.11,5.29,5750,5.96,NA,22,14,06840010,Villa Bosch,Villa Bosch,Centro,FALSE,FALSE,FALSE,FALSE
2023-12-09T00:00:00Z,2023-12-06T16:10:01Z,2024-03-05T00:00:00Z,Inmobiliaria,Alquiler,60,50,1,2,NA,Departamento,ARG,180000,180000,1796640227,2023-12,965.59,"c(-58.5909576, -34.5835449)",FALSE,180000,186.41,3000,3.11,3600,3.73,NA,20,08,06840010,Martín Coronado,Martín Coronado,Centro,FALSE,FALSE,FALSE,FALSE
2023-12-19T00:00:00Z,2023-12-06T11:45:08Z,2024-03-05T00:00:00Z,Inmobiliaria,Alquiler,40,36,1,2,NA,Departamento,ARG,170000,170000,2181653969,2023-12,965.59,"c(-58.5625783, -34.6090598)",FALSE,170000,176.06,4250,4.4,4722.22,4.89,DP,18,01,06840010,Caseros,Caseros,Caseros,FALSE,FALSE,FALSE,FALSE
2023-12-31T00:00:00Z,2023-12-22T16:57:40Z,2024-03-21T00:00:00Z,Inmobiliaria,Alquiler,39,34,1,2,NA,Departamento,ARG,270000,270000,1799882419,2023-12,965.59,"c(-58.5467344, -34.5990645)",FALSE,270000,279.62,6923.08,7.17,7941.18,8.22,NA,21,13,06840010,Santos Lugares,Santos Lugares,Este,FALSE,FALSE,FALSE,FALSE
2023-12-31T00:00:00Z,2023-12-14T10:01:23Z,2024-03-13T00:00:00Z,Inmobiliaria,Alquiler,60,60,1,2,NA,Departamento,ARG,250000,250000,1797839743,2023-12,965.59,"c(-58.5639385, -34.6068805)",FALSE,250000,258.91,4166.67,4.32,4166.67,4.32,DP,18,01,06840010,Caseros,Caseros,Caseros,FALSE,FALSE,FALSE,FALSE
2023-12-31T00:00:00Z,2023-12-26T19:43:22Z,2024-03-25T00:00:00Z,Inmobiliaria,Alquiler,34,30,0,1,NA,Departamento,ARG,250000,250000,2223342109,2023-12,965.59,"c(-58.5334425, -34.5990959)",FALSE,250000,258.91,7352.94,7.62,8333.33,8.63,NA,29,12,06840010,Sáenz Peña,Sáenz Peña,Este,FALSE,FALSE,FALSE,FALSE
2023-12-06T00:00:00Z,2023-12-05T18:31:32Z,2024-03-04T00:00:00Z,Inmobiliaria,Alquiler,68,62,2,3,NA,Departamento,ARG,270000,270000,1796209871,2023-12,965.59,"c(-58.5662499, -34.5998344)",FALSE,270000,279.62,3970.59,4.11,4354.84,4.51,DP,18,01,06840010,Caseros,Caseros,Caseros,FALSE,FALSE,FALSE,FALSE
2023-12-31T00:00:00Z,2023-12-27T16:56:43Z,2024-01-26T00:00:00Z,Fsbo,Alquiler,44,38,1,2,NA,Departamento,ARG,150000,150000,2225069097,2023-12,965.59,"c(-58.6135701, -34.5763943)",FALSE,150000,155.35,3409.09,3.53,3947.37,4.09,NA,24,10,06840010,Pablo Podestá,Norte,Norte,FALSE,FALSE,TRUE,FALSE
2023-12-24T00:00:00Z,2023-12-07T20:26:44Z,2024-01-06T00:00:15Z,Fsbo,Alquiler,43,40,1,2,NA,Departamento,ARG,180000,180000,2185617549,2023-12,965.59,"c(-58.5479296, -34.6180894)",FALSE,180000,186.41,4186.05,4.34,4500,4.66,NA,18,01,06840010,Caseros,Caseros,Caseros,FALSE,FALSE,FALSE,FALSE
2023-12-31T00:00:00Z,2023-12-27T10:18:06Z,2024-03-26T00:00:00Z,Inmobiliaria,Alquiler,37,37,1,2,NA,Departamento,ARG,200000,200000,2223202109,2023-12,965.59,"c(-58.5645023, -34.6089835)",FALSE,200000,207.13,5405.41,5.6,5405.41,5.6,DP,18,01,06840010,Caseros,Caseros,Caseros,FALSE,FALSE,FALSE,FALSE
2023-12-31T00:00:00Z,2023-11-29T09:35:28Z,2024-02-27T00:00:00Z,Inmobiliaria,Alquiler,48,44,1,2,NA,Departamento,ARG,230000,230000,2163125541,2023-12,965.59,"c(-58.5803682, -34.5875103)",FALSE,230000,238.2,4791.67,4.96,5227.27,5.41,NA,22,14,06840010,Villa Bosch,Villa Bosch,Centro,FALSE,FALSE,FALSE,FALSE
2023-12-20T00:00:00Z,2023-12-20T15:24:27Z,2024-01-19T00:03:25Z,Fsbo,Alquiler,31,29,0,1,NA,Departamento,ARG,51000,51000,2212256361,2023-12,965.59,"c(-58.551317, -34.599621)",FALSE,51000,52.82,1645.16,1.7,1758.62,1.82,NA,21,13,06840010,Santos Lugares,Santos Lugares,Este,FALSE,FALSE,FALSE,FALSE
2023-12-08T00:00:00Z,2023-12-07T13:04:53Z,2024-03-06T00:00:00Z,Inmobiliaria,Alquiler,40,40,1,2,NA,Departamento,ARG,170000,170000,1796716975,2023-12,965.59,"c(-58.5797351, -34.587577)",FALSE,170000,176.06,4250,4.4,4250,4.4,NA,22,14,06840010,Villa Bosch,Villa Bosch,Centro,FALSE,FALSE,FALSE,FALSE
2023-12-28T00:00:00Z,2023-12-28T13:41:09Z,2024-01-27T00:00:00Z,Fsbo,Alquiler,27,27,1,1,NA,Departamento,ARG,95000,95000,2227010725,2023-12,965.59,"c(-58.5366194, -34.5996758)",FALSE,95000,98.39,3518.52,3.64,3518.52,3.64,NA,29,12,06840010,Sáenz Peña,Sáenz Peña,Este,FALSE,FALSE,FALSE,FALSE
2023-12-31T00:00:00Z,2023-12-18T07:18:02Z,2024-01-17T00:00:00Z,Fsbo,Alquiler,55,55,2,3,NA,Departamento,ARG,350000,350000,2205690501,2023-12,965.59,"c(-58.5368821, -34.6365437)",FALSE,350000,362.47,6363.64,6.59,6363.64,6.59,NA,30,04,06840010,Ciudadela,Ciudadela,Sur,FALSE,FALSE,TRUE,FALSE
2023-12-10T00:00:00Z,2023-11-27T17:14:06Z,2024-02-25T00:00:00Z,Inmobiliaria,Alquiler,39,36,0,1,NA,Departamento,ARG,165000,165000,1794146403,2023-12,965.59,"c(-58.5582342, -34.608044)",FALSE,165000,170.88,4230.77,4.38,4583.33,4.75,DP,18,01,06840010,Caseros,Caseros,Caseros,FALSE,FALSE,FALSE,FALSE
2023-12-26T00:00:00Z,2023-12-04T08:40:16Z,2024-03-19T00:00:00Z,Inmobiliaria,Alquiler,40,35,0,0,NA,Departamento,ARG,130000,130000,1795703835,2023-12,965.59,"c(-58.5549126, -34.635601)",FALSE,130000,134.63,3250,3.37,3714.29,3.85,NA,30,04,06840010,Ciudadela,Ciudadela,Sur,FALSE,FALSE,FALSE,FALSE
2023-12-19T00:00:00Z,2023-12-12T16:54:11Z,2024-03-11T00:00:00Z,Inmobiliaria,Alquiler,39,36,0,1,NA,Departamento,ARG,165000,165000,2193439945,2023-12,965.59,"c(-58.5582342, -34.608044)",FALSE,165000,170.88,4230.77,4.38,4583.33,4.75,DP,18,01,06840010,Caseros,Caseros,Caseros,FALSE,FALSE,FALSE,FALSE
2023-12-06T00:00:00Z,2023-12-06T18:50:29Z,2024-03-05T00:00:00Z,Inmobiliaria,Alquiler,40,40,1,2,NA,Departamento,ARG,170000,170000,1796650847,2023-12,965.59,"c(-58.5797351, -34.587577)",FALSE,170000,176.06,4250,4.4,4250,4.4,NA,22,14,06840010,Villa Bosch,Villa Bosch,Centro,FALSE,FALSE,FALSE,FALSE
2023-12-05T00:00:00Z,2023-12-01T18:11:13Z,2024-02-29T00:00:00Z,Inmobiliaria,Alquiler,300,80,2,3,NA,Casa,ARG,250000,250000,2172206373,2023-12,965.59,"c(-58.583811, -34.5873332)",FALSE,250000,258.91,833.33,0.86,3125,3.24,NA,20,08,06840010,Martín Coronado,Martín Coronado,Centro,FALSE,FALSE,FALSE,FALSE
2023-12-31T00:00:00Z,2023-12-13T18:50:10Z,2024-01-12T00:00:40Z,Fsbo,Alquiler,180,170,3,4,NA,Casa,ARG,650000,650000,2196630509,2023-12,965.59,"c(-58.5762545, -34.585786)",FALSE,650000,673.16,3611.11,3.74,3823.53,3.96,NA,22,14,06840010,Villa Bosch,Villa Bosch,Centro,FALSE,FALSE,FALSE,FALSE
2023-12-12T00:00:00Z,2023-11-21T09:16:02Z,2024-02-19T00:00:00Z,Inmobiliaria,Alquiler,100,70,2,3,NA,Casa,ARG,300000,300000,2142076561,2023-12,965.59,"c(-58.5908669, -34.5769007)",FALSE,300000,310.69,3000,3.11,4285.71,4.44,NA,22,14,06840010,Villa Bosch,Villa Bosch,Centro,FALSE,FALSE,FALSE,FALSE
2023-12-16T00:00:00Z,2023-09-20T00:37:27Z,2023-12-18T00:00:00Z,Inmobiliaria,Alquiler,586,206,6,7,NA,Casa,DOL,1200,961320,2024487993,2023-12,965.59,"c(-58.570157, -34.5937226)",TRUE,1158708,1200,1977.32,2.05,5624.8,5.83,NA,22,14,06840010,Villa Bosch,Villa Bosch,Centro,FALSE,FALSE,FALSE,FALSE
2023-12-18T00:00:00Z,2023-10-19T09:19:11Z,2024-01-17T00:00:00Z,Inmobiliaria,Alquiler,313,313,4,5,NA,Casa,ARG,680000,680000,2081956705,2023-12,965.59,"c(-58.5866743, -34.5772573)",FALSE,680000,704.23,2172.52,2.25,2172.52,2.25,NA,22,14,06840010,Villa Bosch,Villa Bosch,Centro,FALSE,FALSE,FALSE,FALSE
2023-12-01T00:00:00Z,2023-11-29T10:58:02Z,2024-02-27T00:00:00Z,Inmobiliaria,Alquiler,250,120,3,4,NA,Casa,ARG,300000,300000,2163806437,2023-12,965.59,"c(-58.5318431, -34.6207937)",FALSE,300000,310.69,1200,1.24,2500,2.59,DP,17,06,06840010,José Ingenieros,José Ingenieros,Sur,FALSE,FALSE,FALSE,FALSE
2023-12-23T00:00:00Z,2023-12-03T08:35:56Z,2024-01-02T00:00:00Z,Fsbo,Alquiler,95,80,2,NA,NA,Casa,ARG,350000,350000,2175086017,2023-12,965.59,"c(-58.5646321, -34.6182843)",FALSE,350000,362.47,3684.21,3.82,4375,4.53,NA,18,01,06840010,Caseros,Caseros,Caseros,FALSE,FALSE,FALSE,FALSE
2023-12-19T00:00:00Z,2023-11-20T12:21:38Z,2023-12-20T01:32:25Z,Fsbo,Alquiler,35,35,1,NA,NA,Casa,ARG,180000,180000,2140134737,2023-12,965.59,"c(-58.5366895, -34.6367522)",FALSE,180000,186.41,5142.86,5.33,5142.86,5.33,NA,30,04,06840010,Ciudadela,Ciudadela,Sur,FALSE,FALSE,FALSE,FALSE
2023-12-10T00:00:00Z,2023-11-22T16:52:49Z,2024-02-20T00:00:00Z,Inmobiliaria,Alquiler,110,110,3,4,NA,Casa,ARG,500000,500000,1793264683,2023-12,965.59,"c(-58.568129, -34.6068103)",FALSE,500000,517.82,4545.45,4.71,4545.45,4.71,DP,18,01,06840010,Caseros,Caseros,Caseros,FALSE,FALSE,FALSE,FALSE
2023-12-29T00:00:00Z,2023-10-02T10:48:18Z,2023-12-31T00:00:00Z,Inmobiliaria,Alquiler,70,70,2,3,NA,Casa,ARG,340000,340000,1781755351,2023-12,965.59,"c(-58.5605469, -34.6098518)",FALSE,340000,352.12,4857.14,5.03,4857.14,5.03,DP,18,01,06840010,Caseros,Caseros,Caseros,FALSE,FALSE,FALSE,FALSE
2023-12-31T00:00:00Z,2023-12-05T08:33:27Z,2024-01-04T00:00:00Z,Fsbo,Alquiler,110,80,2,NA,NA,Casa,ARG,330000,330000,1796131679,2023-12,965.59,"c(-58.5835882, -34.5894623)",FALSE,330000,341.76,3000,3.11,4125,4.27,NA,20,08,06840010,Martín Coronado,Martín Coronado,Centro,FALSE,FALSE,FALSE,FALSE
2023-12-31T00:00:00Z,2023-11-26T06:22:01Z,2024-02-24T00:00:00Z,Inmobiliaria,Alquiler,105,60,1,2,NA,Casa,ARG,230000,230000,2154060773,2023-12,965.59,"c(-58.5718041, -34.6183891)",FALSE,230000,238.2,2190.48,2.27,3833.33,3.97,NA,18,01,06840010,Caseros,Caseros,Caseros,FALSE,FALSE,FALSE,FALSE
2023-12-05T00:00:00Z,2023-11-22T15:22:03Z,2024-02-20T00:00:00Z,Inmobiliaria,Alquiler,60,60,2,3,NA,Casa,ARG,200000,200000,1793282235,2023-12,965.59,"c(-58.5734003, -34.6118671)",FALSE,200000,207.13,3333.33,3.45,3333.33,3.45,NA,18,01,06840010,Caseros,Caseros,Caseros,FALSE,FALSE,FALSE,FALSE
2023-12-31T00:00:00Z,2023-12-22T17:29:14Z,2024-03-21T00:00:00Z,Inmobiliaria,Alquiler,50,40,1,2,NA,Casa,ARG,260000,260000,2216083965,2023-12,965.59,"c(-58.5945018, -34.586777)",FALSE,260000,269.27,5200,5.39,6500,6.73,NA,20,08,06840010,Martín Coronado,Martín Coronado,Centro,FALSE,FALSE,FALSE,FALSE
2023-12-31T00:00:00Z,2023-12-18T17:26:41Z,2024-03-17T00:00:00Z,Inmobiliaria,Alquiler,140,90,2,3,NA,Casa,ARG,450000,450000,1798769375,2023-12,965.59,"c(-58.5964054, -34.590221)",FALSE,450000,466.04,3214.29,3.33,5000,5.18,NA,19,03,06840010,Ciudad Jardín Lomas del Palomar,Ciudad Jardín Lomas del Palomar,Centro,FALSE,FALSE,FALSE,FALSE
